{
  "scenario": 0,
  "seed": 42,
  "total_timesteps": 2000,
  "total_episodes": 34,
  "training_rewards": [
    262.41611118756265,
    72.51419273878304,
    70.81436137758776,
    67.29367845850574,
    75.71967389237479,
    73.33248297458957,
    77.22604261075575,
    69.0479593858137,
    71.92194946070504,
    72.44172878100026,
    64.60678362200503,
    68.58471557605314,
    66.5136547658218,
    73.29864189629241,
    68.52917531891813,
    72.93250361508693,
    64.39560434930395,
    68.80401825122377,
    70.05629722104374,
    63.84815425266808,
    63.1767286258571,
    72.68134928294083,
    66.85233056021744,
    67.0943150804715,
    70.16854586129769,
    76.78731383831982,
    67.09822757846327,
    67.64611425955955,
    67.34541106856958,
    65.48002016132341,
    68.6334462677114,
    70.04614898328235,
    79.57620400849149,
    78.13039146590742
  ],
  "eval_rewards": [],
  "eval_success_rates": [],
  "eval_collisions": [],
  "eval_lane_invasions": [],
  "final_eval_mean_reward": 0,
  "final_eval_success_rate": 0
}