{
  "scenario": 0,
  "seed": 42,
  "total_timesteps": 20000,
  "total_episodes": 405,
  "training_rewards": [
    153.83132427146182,
    33.95003921629535,
    -579.7626839704377,
    -236.4926620071372,
    165.66282954539315,
    -218.9616796685065,
    -103.78226281944455,
    142.38310690709565,
    -294.7096806834298,
    83.21578017214294,
    -242.7872412864651,
    75.06750715421755,
    240.20207885504394,
    -304.31565379722736,
    389.08720359455907,
    229.0322694652354,
    142.5785602740891,
    365.3312702929614,
    -222.35234693088142,
    498.42140837003586,
    265.4224586591016,
    124.86071062760074,
    -733.0178661759657,
    228.17175151842724,
    -32.3717985884166,
    343.26702482461724,
    177.29373522025932,
    134.65939529457697,
    394.9280392511692,
    -273.64411497921253,
    213.61717641884718,
    -28.13830371984685,
    109.82442070331298,
    584.5920641122175,
    534.1178663868524,
    328.44925395330927,
    -30.87240725766002,
    -186.97627273354172,
    -480.3236354230336,
    -142.16688588543957,
    114.47592634559516,
    -397.3294684812094,
    -101.22831208311266,
    -95.98466260601502,
    -193.8048775231569,
    -462.9929475663405,
    -13.156111304909839,
    447.2008648433928,
    -68.55828444374407,
    -153.78321508498885,
    57.46074484728403,
    291.3591416947912,
    198.1113036675013,
    90.90363133189675,
    -198.7424638550355,
    -282.952877899983,
    374.05224022325365,
    299.17991237957244,
    -212.30373654139473,
    270.7669240797391,
    -111.915681913779,
    95.42695853020474,
    -127.01470245892558,
    109.79596125219804,
    -163.60518848414452,
    -250.5665307717013,
    397.9898493830859,
    193.335045907481,
    19.00911796450874,
    -156.0349227783625,
    -128.65130847793867,
    -167.47670230316743,
    -233.85879947390657,
    -143.94740213198952,
    -135.61355594227584,
    -152.62564530248665,
    -148.77340926195745,
    -153.3231820082884,
    -125.70194014712638,
    -171.04559493544875,
    -127.90984136052633,
    -146.3418847683001,
    -148.28846408992675,
    -174.60901255855853,
    -160.90540189796846,
    -177.8791346320329,
    -175.40814535843032,
    -188.5693236945457,
    -129.1675019635651,
    -150.68265396575865,
    -135.35578519952819,
    -205.041867723531,
    -133.55407211512545,
    -153.07701424990344,
    -171.30283641342686,
    -133.52975075144104,
    -23.11685484906848,
    -164.18243631059883,
    -162.75237624756534,
    -252.39178587221218,
    -151.69287515357462,
    -166.13868829027325,
    -183.18082435726922,
    -151.42313878182452,
    -207.23491640641626,
    -166.5710396848531,
    -150.5299578104618,
    -152.60625670619004,
    -163.8581866635805,
    -143.28656146519182,
    -149.27111243560273,
    -149.09349653183668,
    -151.18767590741496,
    -153.3390279199496,
    -155.00452767525525,
    -132.8951504226563,
    -162.695097881759,
    -166.32036839132041,
    -175.96615436684743,
    -137.3077349206653,
    -142.05012486886372,
    -163.223891103751,
    -142.78971052140523,
    -160.93891621774188,
    -82.5391737362013,
    -97.95979652054173,
    -99.64234844848517,
    -82.26040995764654,
    -82.13677167128341,
    -81.88132791713066,
    -81.89600443436697,
    -98.62060541838505,
    -81.7888707780749,
    -82.58065056214467,
    -96.88524331825359,
    -83.16967589635782,
    -84.89715265396828,
    -83.04164597619891,
    -81.8470820460565,
    -98.4998170382055,
    -103.06132296860078,
    -82.18897593504735,
    -97.90532524769222,
    -98.03168844272804,
    -82.70358209749989,
    -78.5254291618437,
    -82.79354741142103,
    -81.61151092169526,
    -103.43485243500979,
    -82.09513620729953,
    -101.47668712018837,
    -102.1078826491509,
    -81.24386001520193,
    -99.8683909111035,
    -79.43019172826028,
    -83.07504710151963,
    -82.49461532889151,
    -82.71388092395736,
    -103.08078203105217,
    -82.36520190961225,
    -100.18442813292987,
    -85.89481869117807,
    -78.99938881721297,
    -102.1529848710394,
    -82.9650622640106,
    -82.50425591001878,
    -86.72795197269085,
    -82.42788755990217,
    -99.5860285835993,
    -82.3630184439705,
    -82.88058677786229,
    -78.75486926117699,
    -78.13099343136513,
    -102.40277945683495,
    -82.73115257138122,
    -83.28667929049442,
    -82.66751130385198,
    -86.16679083525884,
    -82.39020850951118,
    -79.61872410840697,
    -100.97548367529868,
    -99.12369354892877,
    -82.5699965376749,
    -83.12636355190088,
    -82.11844768389422,
    -102.75197302575634,
    -99.49013017336186,
    -82.86584108039281,
    -78.69440308896972,
    -83.21486682547351,
    -77.85036498166087,
    -82.51542409262062,
    -83.27296139903476,
    -83.6556438913226,
    -81.22634965853442,
    -82.22170176350426,
    -99.58162733385349,
    -82.5286907319753,
    -82.91282096355118,
    -99.36615439741794,
    -81.29080042846297,
    -86.22672423651579,
    -82.07448415800258,
    -102.73973974542763,
    -86.4481204505528,
    -103.29638229056266,
    -83.19736124636383,
    -82.76065235017447,
    -83.3987158915595,
    -82.72356678263759,
    -97.54961273231645,
    -78.40779876841482,
    -82.72289721881027,
    -98.65586345187808,
    -83.04860841211445,
    -82.35477462382406,
    -81.50849216508401,
    -82.49682199080613,
    -81.6381578355624,
    -82.86740267394404,
    -102.51824037170022,
    -104.01185430009662,
    -83.13253321209433,
    -87.02276244149682,
    -82.4494229298993,
    -81.3484097546013,
    -102.80735758464785,
    -86.36288708425363,
    -81.96021328570363,
    -83.25669657079185,
    -102.34462797748114,
    -85.51705015346093,
    -78.48814112439372,
    -99.03737805036798,
    -102.2138769389936,
    -81.30653863248116,
    -82.53793362660468,
    -100.05907513062174,
    -83.12300245924857,
    -83.33871281828037,
    -103.16465441775674,
    -81.62633977331726,
    -81.97911732976928,
    -83.56482505919935,
    -81.76913068375805,
    -82.80732392277307,
    -85.85881289285521,
    -82.88688788843592,
    -101.86158283400195,
    -81.27871443700835,
    -86.18216132916076,
    -81.81992231280304,
    -100.20831180182314,
    -82.59227942377355,
    -86.89934952284318,
    -103.25816740839079,
    -83.17947485462213,
    -103.03425460732286,
    -83.99646465296412,
    -83.60825410480241,
    -81.87495853789497,
    -82.52995190658058,
    -85.83398576248149,
    -82.63080287264145,
    -102.76754228756612,
    -79.05308703415504,
    -82.20700570180294,
    -83.46384835069597,
    -102.7188928923263,
    -83.43502657164672,
    -83.1067026344571,
    -82.02680565826596,
    -83.17844986661069,
    -82.86371199548687,
    -82.09044791379411,
    -102.92562557630866,
    -80.74200652413299,
    -83.56610598766777,
    -83.41706260517891,
    -99.00520542315364,
    -103.66454201910175,
    -82.57124657615611,
    -82.87059528878673,
    -82.78579742419558,
    -82.82226074633485,
    -83.3956602552829,
    -81.4976428320855,
    -82.69923531630891,
    -87.07934765885372,
    -82.9485191727267,
    -82.25639554014994,
    -86.06279885767809,
    -82.52120394539853,
    -100.1619363233361,
    -87.0382027182969,
    -82.27240655646403,
    -82.74637727066224,
    -83.2608183270447,
    -83.44734892958778,
    -82.53855765098146,
    -81.95074569303875,
    -86.2539931932584,
    -80.06806534774537,
    -82.75077171060934,
    -99.44801172174105,
    -84.02686428277345,
    -83.32743179865544,
    -82.46586504921333,
    -82.1096857107767,
    -83.69181679814412,
    -82.37416844407167,
    -98.81796324164777,
    -82.54547052390176,
    -103.11247956715864,
    -102.5853180666727,
    -82.43328080937891,
    -83.05986892826607,
    -85.61493608214573,
    -101.99403439945763,
    -82.39620258152138,
    -85.99994196932118,
    -85.89478031744702,
    -85.17239035066444,
    -86.17167697141493,
    -83.0489202629439,
    -82.27624544726062,
    -82.36889459768653,
