{
  "scenario": 0,
  "seed": 42,
  "total_timesteps": 2000,
  "total_episodes": 33,
  "training_rewards": [
    -1083.912101995323,
    -1350.3575183212515,
    -3374.169910406915,
    -1049.4746767823074,
    -1195.840562561283,
    -1194.4646008568684,
    -1198.4361264124555,
    -1042.743028705961,
    -1194.0960448940025,
    -1043.41432468787,
    -1194.6009413037245,
    -1043.6746994177563,
    -1042.2430855922696,
    -1042.7724945540954,
    -1193.048095429848,
    -1193.0794964995337,
    -1195.414353646106,
    -1042.615195414627,
    -1196.1165020510794,
    -1194.001170269254,
    -1045.7209167934423,
    -1047.401302145877,
    -1047.7310840253153,
    -1044.9508305775166,
    -1194.0161413859935,
    -1193.7494545224895,
    -1050.7315237708963,
    -1043.4633760825761,
    -1190.6247705713733,
    -1046.5977799908462,
    -1044.647809321535,
    -1043.372141572457,
    -1192.7036286710456
  ],
  "eval_rewards": [],
  "eval_success_rates": [],
  "eval_collisions": [],
  "eval_lane_invasions": [],
  "final_eval_mean_reward": 0,
  "final_eval_success_rate": 0
}