{
  "scenario": 0,
  "seed": 42,
  "total_timesteps": 5000,
  "total_episodes": 413,
  "training_rewards": [
    781.2406070488239,
    926.4337637490496,
    1247.4696273108448,
    457.35205387682555,
    660.6523513629,
    1209.2739672809876,
    1049.493860405892,
    1838.163695267651,
    655.4167798096349,
    1261.7499603316298,
    1274.3231423889454,
    1320.866654912524,
    358.4081969288364,
    839.5125235198668,
    1184.6010663655507,
    272.2392570998216,
    843.296907773976,
    1481.0127305609205,
    1829.4886480521911,
    5578.886414389697,
    548.7000758992158,
    1084.5787705291496,
    1471.1417598312037,
    791.6492959464198,
    779.8581939935774,
    416.1005858148152,
    3367.2100920148505,
    2290.252805958844,
    769.3837216620759,
    865.5876946569234,
    898.9724355991648,
    1151.6596793851133,
    1458.8335235932418,
    1099.4858984979724,
    738.0483103006115,
    2008.6446145965444,
    826.0810893590694,
    810.2396793574402,
    299.4037351063476,
    138.50491595885717,
    126.46861350496701,
    115.01186165559119,
    144.81448761839593,
    139.59108399874125,
    157.38749801847152,
    121.09132323110136,
    121.38238851446015,
    118.27373577831185,
    131.55544825156628,
    130.6636403281207,
    134.61415419653574,
    137.54089887534235,
    142.28219760074796,
    134.07352612591438,
    124.07537271029301,
    128.46163267877887,
    145.41039896281134,
    137.04046583981565,
    140.9935290022288,
    121.88940510770313,
    120.91534037543373,
    124.71197935119253,
    122.3216995961871,
    134.23207127019234,
    154.37002956211356,
    1020.2947402947036,
    232.9225125938566,
    161.87017291636698,
    232.14493325811657,
    88.35272318507614,
    211.92983492010086,
    233.469101800215,
    213.4445985992125,
    185.90237062835232,
    144.0440907807572,
    189.4109144493178,
    168.36106024083364,
    112.01765176749444,
    101.8859604680924,
    129.3686103333314,
    213.9317520713305,
    155.20294789481872,
    198.0638350399801,
    172.71928625124517,
    174.5045671007834,
    237.80795721593094,
    165.6829066579649,
    163.30539879005414,
    103.62940364487962,
    178.37811236941997,
    270.8078166938242,
    118.90738184397541,
    167.61135515406406,
    188.016903934789,
    243.9214048555927,
    179.32970512480406,
    271.67742157107335,
    195.2449310962278,
    177.26631872465913,
    155.6765216503929,
    225.2614392965455,
    214.9815212667241,
    242.66213642209286,
    194.34298308081213,
    250.18268329034265,
    219.52472933713352,
    81.14407583980443,
    309.7155853121768,
    236.31809505294132,
    229.16342511789577,
    187.20103147712422,
    72.3822713345576,
    191.75947813514415,
    135.99063843558272,
    151.1070298543911,
    224.2896312870621,
    207.04134119230736,
    118.4194040226269,
    167.88004662605505,
    212.68444875668385,
    92.93661942114178,
    151.67249705604294,
    161.7632600894705,
    212.38645171141633,
    214.74261557366714,
    110.02359007986715,
    180.1198271455138,
    94.16210063399978,
    230.37302256777087,
    217.34128325825807,
    143.33322910533548,
    106.11731096024111,
    213.72940407150526,
    227.3234961646047,
    92.47171175952978,
    154.10063005556236,
    208.66522306725346,
    181.33447294624614,
    206.09323813073314,
    226.68097692027598,
    144.43052988676817,
    171.0805025314015,
    317.71457539342987,
    202.50246874326606,
    167.51523603834184,
    215.42425290115762,
    208.37157148383125,
    156.90371303850281,
    111.57534774988295,
    83.75630185060355,
    246.4833595375674,
    187.47472102116924,
    266.06090220447555,
    270.82470779074293,
    127.69028815349711,
    106.34274564068512,
    156.41740677629105,
    237.127205473155,
    173.3021430941927,
    222.13611375203686,
    230.54195600537986,
    152.12624120223003,
    216.6570752214788,
    221.45962398920628,
    196.86620102025614,
    144.88326096971394,
    243.38956300251238,
    103.5328605219257,
    108.25866295124783,
    255.04972886516916,
    285.7991230060197,
    205.7960274780353,
    100.61872006541614,
    115.04259486518666,
    86.98558482190172,
    241.46224448280375,
    286.46582931071435,
    230.42397573114377,
    84.96318280594247,
    237.72299229934134,
    140.57613293409585,
    216.88790301591018,
    200.7929725488312,
    196.68097703267972,
    158.2385717301113,
    130.92154925195928,
    192.20699275250385,
    223.96674989962418,
    150.10493722894608,
    221.04542321370093,
    117.63453781822392,
    89.10735755134257,
    166.6377077713592,
    222.0508407411652,
    193.5866837385062,
    184.54276223821944,
    217.61176620984867,
    211.6008838808922,
    112.99291442392374,
    194.14650785510028,
    192.9392558358905,
    129.87563660392,
    139.31985473730685,
    139.52977827050205,
    220.4543199763727,
    105.64388618175889,
    208.71752677347223,
    137.99461165177718,
    157.20720258545686,
    175.6633870709682,
    166.90083021597138,
    104.50467544254917,
    145.88330857704722,
    278.85830688229754,
    108.10022604920735,
    153.21416696931604,
    171.16272919300079,
    121.4907405776879,
    201.3686634091965,
    198.9617287198124,
    237.41890455588685,
    111.09066648837536,
    107.41101072916655,
    166.35243917318684,
    122.90069069311564,
    128.68522456302475,
    133.21034664689535,
    79.29723635738131,
    120.94517062327465,
    187.20362789028493,
    198.8177851754672,
    112.9545963843788,
    257.72205525152617,
    147.5425510526381,
    185.6747059049845,
    151.59833171789313,
    121.41992543355684,
    129.1663768768726,
    245.2859806205301,
    111.65163606366343,
    251.03127997457324,
    124.65994311945968,
    162.3702452582177,
    134.47340653728094,
    127.065334916688,
    117.14377689270557,
    111.91282504640338,
    129.6535175606331,
    247.79620143108178,
    121.87432011958643,
    157.39602348702292,
    122.94559836268024,
    199.1439168605703,
    106.0201149020757,
    75.96024421096556,
    195.6766430449009,
    114.87649414338028,
    148.93976053351525,
    144.64105231472072,
    145.34579824726055,
    187.7212688750168,
    119.86083838778043,
    139.26919518690733,
    115.89614418304228,
    231.17984768455648,
    115.6274306753888,
    127.42433841295443,
    161.65723858942175,
    211.86207881201733,
    138.22520564721844,
    121.1393341907008,
    188.59360936764648,
    117.27222920049395,
    133.28959324741652,
    106.32999696812715,
    83.06779267098143,
    162.158637106311,
    143.42153023324596,
    195.95477172141074,
    115.1978936830235,
    77.77739352663488,
    234.50151660926673,
    216.55455479809382,
    126.26382401849766,
    201.34937456720596,
    117.18428550016321,
    109.55973886607183,
    210.23673082259054,
    148.53005723497958,
    132.499315518874,
    138.39106273634246,
    152.1536478945618,
    169.01266202981157,
    129.02769038591526,
    134.74405893116932,
    156.50324865212855,
    158.2304608099039,
    111.79082925981598,
    121.25248684058504,
    110.2692302092501,
    125.12708692743323,
    108.08975807220189,
    178.5741048788667,
    122.06974765676014,
    118.60396637708496,
    150.2953870734442,
    120.8195472149239,
    95.70716395332323,
    147.09624895040383,
    128.3374327527301,
    114.23757015922153,
    182.2984524043468,
    196.83259864335125,
    133.20417986679672,
    196.20172247417884,
    112.82354711736143,
    128.38584197570208,
    248.96060361123554,
    210.3063914008653,
    155.09139523861188,
    194.4507916379328,
    221.59197506533923,
    189.22584345386082,
    125.16041497293968,
    187.48654748478464,
    138.7635795992412,
    100.09499556525489,
    193.89976050015713,
    281.4776998608164,
    118.56129935437176,
    136.82137270531098,
    224.56235842376088,
    218.9466294967127,
    166.20166758992994,
