{
  "scenario": 0,
  "seed": 42,
  "total_timesteps": 5000,
  "total_episodes": 417,
  "training_rewards": [
    774.4065735108684,
    926.4337637490496,
    1247.4696273108448,
    457.35205387682555,
    660.6523513629,
    1209.2739672809876,
    1049.493860405892,
    1857.3678138100527,
    680.0386256687367,
    1804.816152315383,
    944.4333180553729,
    482.4913186059012,
    421.6168975122688,
    807.0140182285083,
    685.7225154255518,
    1190.6594235720738,
    1198.1228104402044,
    653.1706384692027,
    796.1427135206734,
    478.50801445104975,
    4099.159031752881,
    1209.6602423932702,
    929.4705956841676,
    757.8893950739183,
    37.80787091140137,
    2280.6062164767286,
    416.1005858148152,
    1383.4044502997,
    1121.8203429478656,
    409.4578334463255,
    641.6374821476463,
    534.2782030588619,
    482.23071320441824,
    545.4684643593234,
    428.18619673833575,
    443.944573248502,
    411.24341186626395,
    1499.536630049894,
    682.8217901749474,
    452.72429607684995,
    1901.466692032205,
    1194.3712695431334,
    2179.0336095477946,
    861.4582817904729,
    120.35318023791082,
    139.39350860303156,
    121.29086647484202,
    127.40905398733733,
    141.08822252253705,
    130.08575311385056,
    136.03618707224038,
    135.5806160547814,
    126.34972407244258,
    110.81505712255804,
    129.99717090044285,
    136.166035083959,
    116.15379359877738,
    140.1291962894982,
    128.43543682494678,
    128.53160444502336,
    129.20160892958572,
    142.09046918164705,
    154.0286479546719,
    127.92196933218494,
    118.68556797423344,
    133.60686982100256,
    135.5918048936885,
    124.69640282413735,
    134.1795058391575,
    139.31287086566087,
    130.2463437797286,
    1009.9648615611444,
    231.7926650819248,
    172.88748666036798,
    111.30938190034422,
    194.462168254564,
    106.6770779864037,
    97.12332752670888,
    194.47848882241274,
    91.12920039713141,
    134.6539826065153,
    105.41535611493578,
    218.16643596778044,
    78.63305644379727,
    196.07839935880412,
    93.22683087622832,
    127.77677165445664,
    107.65538570920738,
    114.01158209962296,
    110.30037972999614,
    172.31895903044776,
    140.62840102844748,
    111.24082411443143,
    212.13610972396486,
    188.3484425731689,
    198.96945038903044,
    181.24891675757294,
    80.0579729084367,
    137.27431264980976,
    88.2702600189382,
    98.3826019971224,
    106.13315449545294,
    144.70092363254216,
    131.39773827081882,
    120.11680554175334,
    140.81852468865566,
    89.37235438428124,
    191.5780118875729,
    185.25292280856053,
    179.9178380214412,
    223.70363813731478,
    122.57581874099137,
    98.12989039833982,
    104.56186833376387,
    100.47181154519822,
    88.78659425457714,
    142.55342566233162,
    235.09880124874385,
    85.64165294485584,
    180.89281880095825,
    140.3980947568164,
    207.65034741033975,
    135.0335006631982,
    101.60686413974153,
    133.65778760487007,
    122.2493820936306,
    93.27064391168581,
    80.42625356295791,
    166.4536797805934,
    101.50211402071469,
    129.14314258546023,
    330.3828569096596,
    123.10620268696013,
    110.52502009679557,
    118.91036427196352,
    196.69690666598268,
    186.62639416476532,
    143.89509141709976,
    132.80043720050725,
    111.30646829616302,
    115.42956340536401,
    120.0446235721294,
    124.58880384742663,
    142.0364632738372,
    147.35775466498174,
    181.99353637522285,
    149.60132172668756,
    156.90144716359285,
    224.55079338206093,
    305.8006582517657,
    113.23692342943859,
    230.205256899437,
    127.33675313501337,
    122.31975547144434,
    101.30293645569925,
    100.59169480859684,
    221.73233873243012,
    95.92987791014413,
    129.7537080107585,
    141.34096360025617,
    128.08944512198346,
    200.3104126896826,
    204.5618666219338,
    168.11293822898722,
    197.205302987169,
    162.3803034586092,
    151.16141327656914,
    209.08922274613937,
    110.6728986041903,
    109.91937360928819,
    81.32943465581826,
    105.82745445915356,
    163.92955919185312,
    180.10555646826367,
    125.76343926041298,
    126.31275503155346,
    76.65233358702801,
    100.84746417456927,
    135.99308845529873,
    131.23451666982774,
    209.51400235378702,
    109.64792631941621,
    75.13305706998972,
    318.7390801515793,
    209.10951823823973,
    154.833573410281,
    123.2010433849381,
    226.85446071480288,
    94.08315567351889,
    128.34837188150888,
    106.94387266740176,
    126.43691541160564,
    92.07810623856133,
    95.03446172181299,
    230.78925017970113,
    165.8379268978319,
    132.23491198859278,
    113.40098803224245,
    136.4993779831597,
    118.75790424753009,
    218.97528829311787,
    201.81631521332346,
    198.14692026009328,
    156.71261479643573,
    137.0118811688794,
    86.86973779554077,
    122.58963699284118,
    128.6818303321974,
    126.95810152216917,
    190.96611527121044,
    186.04056083232084,
    88.56661018558566,
    81.8036870954576,
    95.29243644162136,
    147.0296231485323,
    164.85261044363332,
    221.20310825467158,
    230.93861477536956,
    134.95546214277516,
    158.10112324352866,
    129.51696872804723,
    89.80052716926745,
    145.75651966826126,
    224.1804354742987,
    202.36418386277705,
    88.54669245997762,
    218.78844146418334,
    183.5281217133769,
    162.8712861611353,
    139.9673056862993,
    141.7903809981256,
    101.66955184251773,
    209.75736429864392,
    126.01729702117822,
    200.77554201550663,
    152.4727373012867,
    104.05952547195324,
    123.32421591272896,
    117.70622954710092,
    117.34879513140972,
    148.45483880235756,
    167.17186488865775,
    107.05110632764138,
    98.35223071342772,
    197.85691424507294,
    102.6326054943039,
    156.97370993030074,
    107.48469748520836,
    222.4775892861838,
    144.24789251979695,
    220.33109910609477,
    190.70512792452064,
    191.7391157393571,
    174.17139849108526,
    286.30132164425675,
    194.25079663848294,
    228.80971510336056,
    232.3327420489469,
    171.87733128625743,
    102.59810965446518,
    207.68294863602154,
    194.7091623649633,
    195.9567604259324,
    227.792418308555,
    77.7418050045545,
    172.71726775368992,
    268.2095111935593,
    218.71094643301743,
    131.4696878023382,
    175.5523837828742,
    176.11408935515726,
    195.09396859052933,
    212.38229136454902,
    228.51981601185574,
    141.92839097040442,
    182.66578680089387,
    94.50095618599165,
    86.80367094142858,
    143.43701482138033,
    119.9674869414059,
    106.31587470664586,
    271.3184326792462,
    157.87044144118173,
    76.95797904672125,
    134.3798375108676,
    76.25477423772733,
    146.22070232472257,
    112.17307193346845,
    111.89735053507849,
    73.78623138608552,
    171.8184204607693,
    265.75420685667086,
    252.02738060975383,
    87.38354996777299,
    96.81845078346234,
    218.20481497549483,
    223.36911642702356,
    107.81761162609517,
    130.28623545316,
    207.59834702039325,
    118.26935364565384,
    110.01740827697196,
    143.21436203237008,
    250.1289885647608,
    229.8001626103719,
    221.07965435018173,
    265.393814813001,
    179.66601071662694,
    242.69434131457962,
    198.94600070567307,
    225.99737567050036,
    222.32470008150293,
    122.93352285208783,
    140.95190122240322,
    139.2463087584777,
    190.17466292674726,
    146.37856813896914,
    173.96545142258074,
    192.5342031501387,
    254.18591506965748,
    105.12400273061584,
    223.8225896520662,
    81.7894590521168,
    108.90978736692894,
    135.36480159644228,
    118.62574762354132,
    147.20620313507865,
    241.32175762549718,
    290.8695587693586,
    219.93753331615707,
    104.29519347125768,
    228.73648000397114,
    108.49797112871454,
    177.29648183878493,
    234.07872876683706,
