{
  "scenario": 0,
  "seed": 42,
  "total_timesteps": 2000,
  "total_episodes": 35,
  "training_rewards": [
    268.65289800580194,
    74.57333947003744,
    71.34040205031718,
    84.1449660686908,
    74.8184448762359,
    73.43118181567378,
    80.4341328371877,
    75.21237068515975,
    77.4425715463538,
    82.47002902845728,
    71.92261789440897,
    78.95548861000577,
    71.42216588036214,
    65.64819238101609,
    72.90508896494475,
    76.67793337271802,
    69.73229383035479,
    72.57183507373867,
    70.04225926198494,
    82.3628143996359,
    82.79252216339363,
    75.28790621947275,
    69.91992064423708,
    81.28655672798868,
    67.41861909006006,
    75.2004828200585,
    72.17447062138349,
    70.95121470374454,
    73.86751236995269,
    73.19195753173082,
    72.66830722768383,
    69.5711069549017,
    71.29226342722842,
    72.55556222634458,
    67.30641051952144
  ],
  "eval_rewards": [],
  "eval_success_rates": [],
  "eval_collisions": [],
  "eval_lane_invasions": [],
  "final_eval_mean_reward": 0,
  "final_eval_success_rate": 0
}