{
  "scenario": 0,
  "seed": 42,
  "total_timesteps": 5000,
  "total_episodes": 249,
  "training_rewards": [
    721.8625309388468,
    873.9423540505633,
    1194.908848868462,
    404.85274546618103,
    608.1422603289645,
    770.0141560929059,
    1238.2301013862784,
    1755.5494435457297,
    803.2856278591681,
    1367.9856030728438,
    891.9386559459979,
    429.970829470159,
    369.1070933740852,
    754.5056628818287,
    633.2285781391749,
    1138.1039361453159,
    1145.6061772004582,
    406.3336951442848,
    77.3278995134264,
    57.02750402920848,
    57.36066956992565,
    60.23366593011252,
    60.39695800061127,
    70.56846215677575,
    72.84885704431973,
    71.1660792673674,
    53.94394298156241,
    59.578149959755244,
    73.14153500549969,
    65.1855659535467,
    66.98674670799447,
    48.07793213279021,
    66.97559826317118,
    57.898043257099374,
    71.91033990502567,
    59.23183297280449,
    54.89090981459371,
    57.621296724476345,
    66.09987791168633,
    55.78257028415223,
    64.59119407278264,
    74.31309677162908,
    84.94263642817617,
    57.76856010399404,
    54.50504591335352,
    59.71559483554757,
    62.14271427056644,
    59.65237399893479,
    50.83313102661004,
    56.767411103585424,
    59.88817568925188,
    49.925260464907424,
    93.7792435982227,
    61.15024468220658,
    65.86035556448022,
    54.15881065562657,
    85.89478295423474,
    56.553805048002744,
    54.685544882785095,
    98.40915614443819,
    62.16914858780617,
    87.93457922650744,
    67.06247188839569,
    54.04367130064523,
    51.16829461752737,
    51.52692078807865,
    83.84851957535389,
    64.31274541810663,
    58.87910459560093,
    78.93972713649345,
    62.77109838524996,
    83.53981127537513,
    54.31970882387711,
    60.78459915306581,
    74.05029361879149,
    76.47499705553729,
    54.16965159257338,
    64.55717227834367,
    61.78552204193164,
    52.446404893664464,
    58.69678508859614,
    54.453114072901826,
    51.98275764817166,
    61.63837012629359,
    73.16665683181063,
    57.95723707850021,
    65.25315515969598,
    76.92962104539542,
    54.62132678108735,
    59.87939897641096,
    75.11137124734324,
    66.33386673768433,
    68.31354559493363,
    37.835700153620586,
    58.27575276553046,
    59.554606382537976,
    64.04747619474145,
    57.45384404429994,
    75.36710310598951,
    68.9971445541488,
    89.6265696205761,
    56.98390286835089,
    55.95281478599685,
    61.049223210338255,
    67.38137014179581,
    54.03024704830558,
    70.47004011279759,
    55.715557840193355,
    58.302326656228956,
    58.924713653150896,
    53.019512808360226,
    62.27294663644624,
    69.05981287122684,
    58.82168006184555,
    58.855028514785744,
    70.03171193648134,
    54.97611047147538,
    65.1113899517454,
    82.84861761496933,
    46.46174506092682,
    52.89411832512885,
    71.23595328650296,
    51.05504665647368,
    58.428186259255455,
    64.9643946897044,
    71.06748821756842,
    64.21236983681308,
    64.52000243149972,
    59.792456751481836,
    66.26322774525622,
    55.54382778190245,
    54.84601711375615,
    61.20864311634576,
    70.17076224587933,
    61.24118499897891,
    56.57176873616349,
    64.49661663946804,
    59.54877666217134,
    62.9833744237308,
    63.82528337981154,
    66.91264630162341,
    58.08151844409693,
    65.27264899685866,
    73.45515161088542,
    59.506842454011434,
    74.52950450841232,
    58.95479848241339,
    49.225281106700464,
    62.69444910264989,
    53.47277364963543,
    58.84567001224806,
    88.72556824785772,
    72.4448450947769,
    54.926387861931865,
    67.14799125054432,
    64.15524254392164,
    48.26036730315189,
    65.98561642371774,
    61.29900748911834,
    57.84229636059524,
    58.0200061872243,
    58.99807379932299,
    66.76355484479672,
    76.46496608958878,
    62.221056149325314,
    62.04433792874762,
    58.00051436410597,
    59.449834553615965,
    62.93655570180382,
    63.553159188401494,
    47.32884150216071,
    65.020838759088,
    59.61809769624113,
    70.58129502158457,
    63.56564667712353,
    57.78389693306556,
    57.984023064138874,
    54.12055403169805,
    60.682403975979895,
    62.28711131745891,
    50.73799116109638,
    53.499996028600194,
    63.24931500266038,
    61.66979865181548,
    56.39712725195005,
    62.53369527868958,
    58.70217897736309,
    61.271837274398585,
    65.87373590359438,
    48.306086871279184,
    59.00555557400509,
    54.856750904670385,
    66.06764911387762,
    59.88113471656905,
    56.71877377731297,
    52.19911285812552,
    70.36214554063983,
    54.15883857448713,
    61.59816504708199,
    55.59285322775467,
    62.02616174874455,
    55.973140651272836,
    60.28033544297233,
    60.48505283679117,
    51.6536613167814,
    54.37177401631565,
    67.31758699061214,
    53.13865670929174,
    49.42316124544162,
    58.14238515822542,
    93.66607399292462,
    56.762989514845835,
    53.58840739721637,
    65.52464693195478,
    74.72698534938775,
    60.63201699295261,
    58.470396446666626,
    45.93933658707134,
    51.54953292381652,
    53.78398444789724,
    57.173661572398025,
    56.46168242466472,
    65.37574821355614,
    46.04845265802735,
    51.55672292757942,
    81.04950523572747,
    47.40044817562586,
    47.57272444171347,
    53.79416623968473,
    63.58044171593318,
    64.69844999169852,
    46.26625654260373,
    61.395907613952936,
    64.8900797088968,
    69.31442024910746,
    50.417913267763815,
    61.35055345483258,
    59.804988123050904,
    69.06829400057993,
    70.3964123033492,
    76.7964550186075,
    47.55387181827162,
    55.96367972278929,
    60.38254705066648,
    56.69489035643476,
    51.745020907216634,
    62.107213881434745,
    67.3160321827298,
    52.96453759058455
  ],
  "eval_rewards": [
    48.49556117638006
  ],
  "eval_success_rates": [
    0.0
  ],
  "eval_collisions": [
    0.0
  ],
  "eval_lane_invasions": [
    1.0
  ],
  "final_eval_mean_reward": 48.49556117638006,
  "final_eval_success_rate": 0.0
}