{
  "scenario": 0,
  "seed": 42,
  "total_timesteps": 5000,
  "total_episodes": 250,
  "training_rewards": [
    1589.35619292705,
    1684.732709036507,
    2190.3940463243007,
    773.7651767836834,
    1411.5022869679658,
    1949.1421885737323,
    2238.3128444063145,
    3300.3977339130565,
    1285.444341461739,
    3395.802393232092,
    1726.9212545768412,
    978.129326833553,
    870.7117348531082,
    1557.5302548479451,
    1415.841261585462,
    2407.3399873503226,
    2382.481364630048,
    1498.7655687502447,
    261.3854932734981,
    221.1061085009256,
    204.66862791516522,
    212.73063181003005,
    255.22623261696643,
    200.1111743821308,
    244.8474298852428,
    203.04556838040162,
    220.79202310876954,
    208.62215838876307,
    300.0357946865945,
    214.9700017379331,
    248.2532671072047,
    209.88607324623806,
    220.76308978308708,
    229.61279142141984,
    257.4388442919069,
    198.45973471771032,
    232.041203253353,
    225.22124088981494,
    194.6819880440445,
    214.69587268096637,
    221.68610513029097,
    230.44051752202066,
    241.30712237458454,
    228.32406931052066,
    217.939277456945,
    210.64497735153196,
    208.3889563451716,
    216.32832016867323,
    256.854830780054,
    314.6500611534372,
    238.3177073717314,
    255.4491374001252,
    244.7051934380513,
    223.35040947671854,
    221.37758345791144,
    256.2203400125963,
    216.72700941991272,
    249.2430130728568,
    240.82935025007697,
    224.1936965638859,
    196.0586396723611,
    222.17768956460287,
    222.49647838951836,
    216.9540742900655,
    291.5340348651762,
    218.0639689423158,
    197.18834478231216,
    255.31272557258015,
    232.34473770566922,
    277.34846976528456,
    239.4194192820621,
    232.27427423186455,
    252.9715301126168,
    257.64037158608613,
    254.82454540301356,
    216.66024566502324,
    197.06202913476687,
    237.25432428917242,
    217.93478628278223,
    231.40948554066028,
    214.50182027239129,
    246.25229944311315,
    256.3982744948708,
    230.4603032184372,
    194.89773068019645,
    197.05469407197916,
    216.6882057273799,
    206.974672573397,
    250.5650467004541,
    237.59570366947344,
    206.2408457559612,
    196.36860863817657,
    196.0480870220797,
    211.61522733427722,
    200.10053053531493,
    263.8742509757429,
    224.98147910262816,
    204.89022044285474,
    241.48546075564104,
    223.38049773055934,
    205.39910162222625,
    212.76834828227342,
    227.8495672539535,
    246.72761432052454,
    238.14588695788626,
    221.29937116158166,
    229.20969189294505,
    199.16015763588186,
    222.5658945492839,
    232.24770565855,
    160.18063613235142,
    228.7857327477613,
    230.26841849227395,
    224.5912437301434,
    236.0338222267515,
    216.91897448968513,
    197.03486428731634,
    219.18675319075484,
    228.40986160283057,
    212.29721364257722,
    221.78693746054887,
    220.37587775060865,
    216.3168117027238,
    230.2887299902922,
    203.7057083090338,
    232.59190021724714,
    217.27354578505754,
    227.06659229524206,
    211.84496729583287,
    227.69452482912425,
    235.67612530522524,
    261.2126772125168,
    192.62664592294038,
    193.98039990986825,
    215.50627292536865,
    184.37127234514776,
    218.04065663964494,
    189.04184023780783,
    219.31759597449803,
    223.69966306960882,
    207.6823954448068,
    216.00423185895778,
    210.84303331510932,
    224.63284296880306,
    191.47074745838432,
    246.7586527418891,
    217.94048105081373,
    188.13156751790905,
    234.10262106011734,
    238.75211004720614,
    208.3613271807705,
    208.94100897343472,
    229.82108905976668,
    217.69189710025543,
    231.53668207990728,
    220.73255095470188,
    192.4749937771571,
    224.0798899332754,
    215.53444166525168,
    244.2745580403341,
    230.58888138955427,
    212.45121672144873,
    223.20148693922687,
    213.06910888818123,
    218.35287274913716,
    246.5850818045697,
    252.08427081008568,
    212.92904401431954,
    195.96807000128766,
    213.62857220374283,
    202.1723161915355,
    217.719703574964,
    213.59761839838802,
    229.40412498829184,
    198.4872627909526,
    225.95518633928367,
    186.05109729947677,
    210.7428231432438,
    216.88261264198053,
    234.02139367328988,
    205.9653197988368,
    215.18304744393527,
    196.53635008863864,
    188.20957956134652,
    221.97743034950992,
    216.5249233616338,
    211.08587465707387,
    203.84798010959122,
    206.15721962312858,
    220.7378555837293,
    250.46246969704413,
    204.85808007853308,
    212.08651896924448,
    207.40955234374195,
    222.67002816962759,
    193.3514129475795,
    238.71843508455825,
    216.34265028215847,
    249.53746064324872,
    239.89572721489992,
    233.34994946583677,
    220.81492458776572,
    188.51237855218326,
    219.40787338505334,
    225.07403389732502,
    210.4915608159912,
    211.42543007713175,
    193.45491375197201,
    190.2847763750585,
    213.4515620427486,
    231.29221748184722,
    211.0146924904207,
    209.67822069605683,
    184.39133704827316,
    213.17278986195282,
    218.8971103874507,
    194.61447827958511,
    195.9251251720704,
    203.87098623979472,
    214.3218021667525,
    219.47041197577278,
    222.854200462344,
    209.3021749718769,
    213.87491998485493,
    220.68870248601107,
    216.99170405341374,
    205.83811172333077,
    199.13022156547632,
    221.08064679906283,
    237.90788959044852,
    235.0898137668583,
    213.20421532917652,
    221.0369832966822,
    229.05863634306334,
    231.7904362730386,
    216.2856504260636,
    211.80040627561516,
    224.67386608644108,
    189.42980967727328,
    196.04631807879701,
    212.3442929920758,
    222.04164959207847,
    221.49211415494892,
    224.89070555446767,
    238.14663394631913,
    194.59771182348618,
    206.88482070343116,
    198.59680126957062,
    195.46363124974062,
    235.8529968381157
  ],
  "eval_rewards": [
    198.8925198551593
  ],
  "eval_success_rates": [
    0.0
  ],
  "eval_collisions": [
    0.0
  ],
  "eval_lane_invasions": [
    1.0
  ],
  "final_eval_mean_reward": 198.8925198551593,
  "final_eval_success_rate": 0.0
}