{
  "scenario": 0,
  "seed": 42,
  "total_timesteps": 5000,
  "total_episodes": 489,
  "training_rewards": [
    774.4065735108684,
    926.4337637490496,
    1247.4696273108448,
    457.35205387682555,
    660.6523513629,
    1209.2739672809876,
    1049.493860405892,
    1857.3678138100527,
    680.0386256687367,
    1745.2179110099664,
    947.1521611485268,
    482.4913186059012,
    421.6168975122688,
    807.0140182285083,
    682.5226435577765,
    1190.6594235720738,
    1198.1228104402044,
    816.1139507206454,
    131.97528710615498,
    133.2215292797624,
    143.24829216375548,
    121.67956265818215,
    136.36566287576613,
    138.63305817483754,
    154.67356149911865,
    126.59138581849177,
    141.58081767872702,
    120.81260396920946,
    145.94327803100566,
    122.53535600197684,
    123.26496631254169,
    112.7845815169067,
    122.8878647516067,
    116.7429588772307,
    129.6744846329039,
    124.96708211940839,
    144.79998917810542,
    122.74380645643927,
    133.92574476651882,
    152.42598821322449,
    116.80556896620918,
    128.63686154963025,
    126.94665219876822,
    131.24276062519317,
    123.68554012218824,
    132.0806687230671,
    123.8071981505783,
    123.32423847975507,
    124.10956390630031,
    143.45452878129652,
    150.79026637703532,
    128.02630191518023,
    129.42177925019809,
    134.92640831530755,
    125.26432942134618,
    118.17124997801533,
    132.90472796126937,
    127.71459700240383,
    118.72711285366353,
    120.18144114631608,
    138.80197975268473,
    134.50638927026955,
    138.83388344549743,
    146.208760873624,
    130.98288824730162,
    124.65116011549677,
    114.87982106424437,
    111.69593594313648,
    131.21588196684996,
    121.1070463516748,
    131.87973156475337,
    126.95350458549882,
    126.87586217021902,
    132.83154306518992,
    129.10295883543284,
    144.602811584008,
    119.59239463920099,
    129.7243238965265,
    132.17492810898577,
    121.15392251007566,
    121.81774412688313,
    128.59399104932754,
    152.27390517647362,
    121.18558342935205,
    123.31433188301602,
    127.9267582053925,
    137.34583814901856,
    113.33693702616908,
    133.1185874635071,
    127.96724566818935,
    125.3367750132644,
    117.96296675565632,
    130.14111066266418,
    114.04742675659404,
    119.59559050760343,
    145.7081750252115,
    146.28179474146714,
    118.58928434444468,
    133.64162771802796,
    132.12301309492614,
    129.40305696524803,
    118.54843952068956,
    118.13500527249121,
    139.1992820713796,
    114.89157402885242,
    133.58644786775133,
    142.8198628208659,
    140.7748292655494,
    117.9988097873434,
    133.421421044491,
    128.29789631612692,
    132.74941369393323,
    129.84467489917222,
    133.0517033515412,
    140.06168566676638,
    124.14625962923918,
    130.35554999705778,
    139.84795667868278,
    140.27846742066342,
    145.33820868330335,
    113.56743935663332,
    121.32678900868035,
    115.370283929257,
    135.27835504894256,
    125.54797198031447,
    128.30540820265452,
    112.49990335092919,
    128.11184159027118,
    122.33132152978382,
    154.2992910175945,
    137.72901024926858,
    122.89953618601128,
    1007.4407247603604,
    217.51537442492366,
    112.68271105852348,
    269.7715006987612,
    259.7659740850953,
    80.02082499842157,
    147.05860688792953,
    236.77087944214458,
    251.82064417755043,
    101.11019230605129,
    170.79687671505263,
    254.6340905765361,
    220.87946424157,
    179.7818447720622,
    102.12116193632825,
    217.74101241514813,
    151.53006479514264,
    160.45194143015038,
    111.47143739431654,
    177.4060675300139,
    170.7931983684308,
    79.88976806681521,
    294.2350462523393,
    234.76978141861855,
    98.98630203383115,
    69.95682336278806,
    104.26651235562102,
    231.3648368097916,
    107.96640360286865,
    111.57438093715369,
    91.1646067408769,
    112.0462280067882,
    126.04656084816831,
    205.71335058178232,
    191.1467809641031,
    243.8190567557421,
    129.38151907104782,
    200.64903868829305,
    93.41454643272851,
    205.24537166603685,
    189.23412650261173,
    225.01382547142703,
    161.89497374632617,
    111.81623613947517,
    143.03413346436392,
    284.9570399338237,
    126.74307703541379,
    229.77185364739327,
    165.61868175080198,
    212.9646331956856,
    115.9363126966875,
    201.00330395905542,
    91.71996255919879,
    233.24282154845127,
    156.36398943988013,
    96.3083717543058,
    133.88640665480213,
    219.1234656817847,
    194.47299877198512,
    241.55494902812444,
    153.66025008598882,
    230.52075345503042,
    206.7490292560953,
    236.12904283479696,
    137.42979257076172,
    204.86055108979485,
    214.78603659462618,
    302.00142872785455,
    105.2440783348554,
    89.1840143706855,
    103.45411925582992,
    90.39511552493784,
    101.94938432581655,
    187.55100199730026,
    161.10963118613716,
    115.70861054985946,
    85.25413226060977,
    89.46479177651118,
    70.94491031838521,
    285.8912969954142,
    211.21848799851904,
    229.0283768029768,
    262.68328363871905,
    219.64406773016344,
    119.74099623949377,
    237.01304238365861,
    240.08431698551064,
    206.153408748799,
    212.9179388102791,
    72.21238058019549,
    137.03018454431609,
    169.22077744258848,
    190.8000395351412,
    119.80138842381137,
    218.8500147179982,
    154.76760590376227,
    79.43747033190624,
    253.93198768204047,
    95.62640867552415,
    163.51695064645105,
    126.48290497358593,
    155.03718423455894,
    214.89532656679773,
    256.15108703071206,
    115.11290503349954,
    228.37681641584524,
    153.51134349571686,
    149.94856450238373,
    123.10188910666042,
    152.09762965908965,
    170.90955198719132,
    148.2327788295023,
    172.62441525581562,
    132.6402752179924,
    188.3311954937309,
    83.16081048754427,
    98.5887196938035,
    107.74657257281724,
    142.33836037294265,
    132.95069852751845,
    97.33894472886293,
    125.17284892042093,
    281.4588865876645,
    86.11721085070965,
    89.30496235550802,
    107.94140142275637,
    187.58104135027116,
    173.9086447184885,
    191.26378144477624,
    263.9427932528291,
    241.05737918245833,
    135.38144757628856,
    240.9227826194463,
    107.39509759179163,
    262.1004107867827,
    96.59825625674522,
    202.51818220046337,
    155.79548571404206,
    287.1431062782034,
    265.80304047313683,
    265.56046922783423,
    214.12080882954655,
    202.17494079012002,
    207.38204119364465,
    114.69606953202471,
    153.25106493645495,
    150.79890040953592,
    136.7099659978362,
    218.05807404484216,
    235.23302687397288,
    260.3677076690053,
    220.61590404274875,
    85.07580467685356,
    161.25401440434717,
    144.55280024552872,
    69.42179937785271,
    132.47901782549107,
    132.61831484913768,
    228.87205880945902,
    163.3496087489549,
    179.61896172542106,
    107.76264233483232,
    202.65609751998002,
    206.40711971162568,
    83.90855367998893,
    243.0181583382187,
    221.0014077580108,
    91.73646057767071,
    126.5335238673433,
    157.04764181076993,
    76.28974659370019,
    201.4303868286841,
    217.36774911728676,
    207.870435330377,
    101.40128065713577,
    195.14890242647155,
    80.8155464570999,
    272.8564981307734,
    187.79475092060352,
    97.12349365275844,
    96.76193308469564,
    185.94042766057404,
    149.70799703634313,
    233.86897134748628,
    281.3946508369703,
    227.70261138051728,
    208.96048003784225,
    187.76879373697403,
    214.48661831591278,
    220.5033662205138,
    195.1639906649408,
    120.13949118723681,
    138.31607515992758,
    217.6212764846899,
    263.9266032386646,
    223.36464278200864,
    215.1829260605004,
    186.1293599401273,
    209.09474370514346,
    176.50952870054712,
    305.6739078178639,
    142.33644090966956,
