{
  "scenario": 0,
  "seed": 42,
  "total_timesteps": 1000,
  "total_episodes": 4,
  "training_rewards": [
    774.4065735108684,
    926.4337637490496,
    1247.4696273108448,
    457.35205387682555
  ],
  "eval_rewards": [
    864.4244916325964,
    854.0754007924712,
    105.35016524763276,
    105.35016524763276
  ],
  "eval_success_rates": [
    0.0,
    0.0,
    0.0,
    0.0
  ],
  "eval_collisions": [
    0.0,
    0.0,
    0.0,
    0.0
  ],
  "final_eval_mean_reward": 482.3000557300833,
  "final_eval_success_rate": 0.0
}