{
  "scenario": 0,
  "seed": 42,
  "total_timesteps": 5000,
  "total_episodes": 469,
  "training_rewards": [
    131.25281889171134,
    918.5168774387779,
    2156.118512594931,
    1757.8858161923893,
    1496.499884266945,
    764.8827156149072,
    764.4771520148157,
    704.5942539368947,
    1675.9740651287186,
    472.415688938154,
    1429.8294520086183,
    545.5525946033935,
    2075.594808435112,
    469.9234663491828,
    1184.6010663655507,
    272.2392570998216,
    843.296907773976,
    206.52308497014687,
    133.76301471217502,
    129.6547959729894,
    133.92807614722452,
    127.97803090975385,
    137.96059266742986,
    143.3766897437792,
    138.3616272755896,
    154.4514177029328,
    131.84640259325693,
    118.93532951507709,
    140.12240501239637,
    161.96679449039505,
    119.24621915088403,
    132.13272885665356,
    123.18208390726456,
    141.41287605233666,
    120.95113659294961,
    132.3632438729199,
    146.51575163078246,
    133.14301870707052,
    136.98934470744084,
    124.03218455532085,
    156.74094548517775,
    130.33357082388065,
    125.80141157508365,
    127.18504638289323,
    145.05438165503804,
    121.87235178413484,
    138.5301333522867,
    168.3754521550587,
    118.40086204026518,
    128.10434418513222,
    133.2871270200127,
    133.23832964121337,
    139.65174914423307,
    123.97177175951336,
    122.77935420149124,
    129.37649007453356,
    152.45335617602925,
    140.19707639424595,
    127.40637357595757,
    123.89277552269878,
    130.60204435805377,
    113.61599613538604,
    138.8032668476451,
    129.8111417712192,
    135.36977980097237,
    129.9289509076398,
    124.48292921762358,
    135.60355784680976,
    111.00462492762851,
    113.3585332963384,
    134.53102655339626,
    138.35105790565444,
    117.89081574982961,
    131.08828766158553,
    127.28267113612543,
    114.89633023380466,
    122.53428971462051,
    117.7852532887918,
    135.77698003650218,
    140.45990261283836,
    138.37447395062478,
    133.45941149664424,
    131.74471483643885,
    157.59868296369848,
    130.93197749515016,
    113.87031654254703,
    124.42056980795533,
    117.68109882230978,
    138.1423287263127,
    113.65525964425007,
    112.6278616429636,
    112.6552123931631,
    128.4360883221652,
    123.580223686851,
    128.32482983770055,
    114.091849854309,
    130.83927851466123,
    133.80014856390184,
    136.01371620436018,
    128.21295210496712,
    127.73760962787868,
    119.86569829029281,
    128.25229149646853,
    122.0160977238502,
    121.78570204601188,
    124.26430437415203,
    128.05381602856616,
    117.33070863660623,
    137.49629318287847,
    138.0269442204058,
    118.03935115111454,
    130.61481514002529,
    136.09148483643074,
    114.93805613086752,
    122.0242884403368,
    111.99865554008517,
    149.12174069856408,
    112.45734485857197,
    128.20056785301733,
    133.2366613857764,
    156.81583916579757,
    129.24717293975627,
    128.01820203336305,
    134.47606412807448,
    134.30203550007775,
    125.51417680906204,
    120.9684389707764,
    132.75231486936556,
    128.9991586567396,
    137.75880285859355,
    130.2154860746707,
    1046.9172767563682,
    102.87449457893999,
    131.805834362565,
    158.1723913906506,
    214.60968930868498,
    107.51778336273414,
    113.4956795192427,
    103.22518388658575,
    174.14640759230855,
    151.30768827862465,
    193.5232421658912,
    204.8435292306522,
    87.75050911667505,
    109.48677613660125,
    98.56391735479173,
    103.30036043764144,
    89.57700887039675,
    81.680464368731,
    112.3011174601043,
    104.03404190687837,
    90.43883034630463,
    101.51393701586699,
    175.3803408251554,
    132.20416256738181,
    116.08777304510483,
    128.6405165371016,
    95.0642143432541,
    109.0305346646927,
    196.7984885349852,
    103.09379062512178,
    169.5058887109168,
    141.93794889007506,
    91.36546914728089,
    100.60345333105856,
    132.9845281298673,
    118.58363554977655,
    199.01182482099088,
    107.78637548294024,
    146.94003797578978,
    114.59531696035486,
    132.50864016230753,
    191.4090995615487,
    163.68507447939533,
    138.8277586012204,
    108.97638953103682,
    242.4826630774606,
    111.63526531840186,
    118.07677299234155,
    157.23186078004142,
    178.60974759611264,
    218.2084880868308,
    227.1173256760435,
    105.97746171306957,
    220.00546228475162,
    93.93192741392797,
    120.54813605370964,
    224.96342356588863,
    75.53769157526399,
    109.86689095179447,
    195.38550204187172,
    114.18860210874351,
    191.54246733845014,
    201.0453148820397,
    109.46344755983421,
    206.53777899652533,
    85.15151631683649,
    104.42073793560797,
    86.91131617057648,
    92.50752777498144,
    101.62953011962267,
    93.90323331436848,
    233.57412804125352,
    219.8740711116906,
    111.71747433313922,
    106.35616061365593,
    101.75426434018125,
    85.64700925898305,
    97.17841505167543,
    114.15984935047695,
    117.35979523660981,
    123.38305952947314,
    83.24642602995503,
    84.62023269718148,
    90.92337917759968,
    92.4489862247337,
    89.96954815198033,
    91.26158397276278,
    83.955499807972,
    94.04579639069149,
    92.00822739195101,
    91.76036606214625,
    217.0818256192129,
    134.47518243489537,
    82.55409095351956,
    104.28030321434521,
    127.81023232427901,
    83.04599999818828,
    93.56018730737125,
    213.59963508891218,
    100.22975462816257,
    144.118891784375,
    84.47101508221257,
    124.47843375861837,
    72.83080827493495,
    97.87355034336588,
    199.05137371264675,
    87.47489022228706,
    124.87499019563731,
    87.550423919493,
    93.81820067666352,
    111.58679151787008,
    83.72184764151743,
    240.90855009243458,
    85.06913913879202,
    78.90966080988645,
    83.21940633449591,
    184.07276018091247,
    77.20182887197407,
    145.5536763451498,
    266.9116595300224,
    128.55620998907924,
    117.02391303883184,
    121.98008905588578,
    123.0053189758674,
    116.71496581974128,
    88.38868876991359,
    97.3274431219051,
    199.83709386386045,
    72.70815386324138,
    102.78069898797543,
    137.93117169319072,
    77.3228196227731,
    131.16791034168773,
    190.78454569135286,
    111.47079577618385,
    96.37988383895865,
    261.0417148100327,
    174.49786377270874,
    101.15442794723846,
    130.65777134182662,
    96.47604227491752,
    117.21522592233589,
    80.6708496197335,
    199.32112441906395,
    110.14151040668614,
    190.68182250752895,
    230.48434749892724,
    327.56558902941345,
    120.48372862565253,
    105.02516338837344,
    99.34014317334089,
    97.28756642914078,
    95.882541675125,
    96.40825498436577,
    101.48657749669255,
    181.4601717410262,
    144.81949967768972,
    246.6494272227207,
    107.06301808067015,
    144.47812432301504,
    88.84543575321459,
    93.60682181566747,
    82.48506347036974,
    77.43071198234271,
    100.2783435509171,
    86.54348083704018,
    95.26471740411444,
    112.07072983447596,
    89.54338519797456,
    118.49542255417508,
    100.00010553694287,
    86.63706786363615,
    100.67352096802475,
    94.335039343714,
    110.682244681239,
    155.32967379346428,
    109.59745641952594,
    148.17907912816864,
    112.8458431481622,
    71.03788039028612,
    177.13836678793652,
    237.92368799943122,
    191.9322358600624,
    150.91713889385468,
    109.88837172592295,
    206.5512425627191,
    126.58513117809125,
    129.08328152302118,
    159.24564666325392,
    181.39472380762703,
    252.25152093420223,
    139.24950832563238,
    178.35498913773597,
    149.97120677153572,
    130.43473072620455,
    248.6355980308428,
    238.08987502941744,
    222.126859212514,
    155.2975676006005,
    117.87364957618595,
    227.92287599148275,
    154.9473798660074,
    231.17732212312208,
    229.7461054655079,
