{
  "scenario": 0,
  "seed": 42,
  "total_timesteps": 20000,
  "total_episodes": 175,
  "training_rewards": [
    85.58132427146208,
    8.480832739164757,
    -631.9068025048548,
    -303.46842610060025,
    122.06596729453274,
    -289.5323937422494,
    -220.1288376452813,
    2.699500153659347,
    -100.99515486053528,
    372.9942305368807,
    321.7042317280717,
    113.95561042149137,
    172.7335419037311,
    -63.61998426242338,
    19.492966111254578,
    -14.080482125138282,
    118.81025868825347,
    120.30688169300943,
    -65.61273754451477,
    -476.3392917991125,
    311.329818296086,
    -336.78150102140654,
    28.83254740989614,
    -62.51109233857029,
    -493.18319578221895,
    -152.13428521700303,
    456.727672524996,
    667.6051805155222,
    127.84649479323673,
    614.0531793036569,
    138.40757435505785,
    360.12388571493767,
    -559.8667729335356,
    273.1303745238015,
    -124.3321347029162,
    -283.2367778229397,
    41.40246117994689,
    158.74107827101233,
    71.10242004765504,
    -211.5365985760018,
    269.2980558258011,
    6.472953897193527,
    -82.93548954278097,
    538.7282801353226,
    -103.37737513571864,
    171.1098390074897,
    521.0482404983853,
    524.8016014935284,
    -35.75344896357423,
    260.2653761340305,
    148.75786846748724,
    -214.12902958649798,
    -31.92423713914507,
    -333.53391093534685,
    644.2679192158491,
    282.42247146118507,
    -104.3806742897288,
    170.77647923819674,
    -102.96197275839636,
    233.5469228091118,
    -19.968033778172913,
    178.97564698926794,
    -192.10518848414452,
    -254.9068582687549,
    162.46495766050637,
    14.793258070058318,
    -166.7825077751923,
    -221.1989286550937,
    -165.77015094975104,
    -149.30431080865077,
    -153.94213934958526,
    -149.75525449506375,
    -141.90659860308247,
    -144.63514009402908,
    -130.32509456702314,
    -146.49734874933299,
    -141.88332900084032,
    -142.4411291241366,
    -176.9130978236861,
    -149.8310776810212,
    -134.86003402499495,
    -158.641629065433,
    -162.43293158640236,
    -146.74189280928562,
    -156.71882625832797,
    -220.5357906636595,
    -155.78569037989715,
    -149.957581689075,
    -147.31491981805618,
    -26.011795649473942,
    -145.49084572062387,
    -177.567313944427,
    -157.21474005874214,
    -19.238137640129683,
    -108.68608617387028,
    -86.40916975919986,
    -87.25374615988252,
    -85.44182512814608,
    -89.75032293435416,
    -104.157123346713,
    -89.24662605664676,
    -91.61588112872013,
    -90.13106420675133,
    -87.27317609435498,
    -89.02741835822152,
    -87.73291508606071,
    -84.09923845930305,
    -91.33379088575232,
    -91.25974764393422,
    -105.46739949821409,
    -88.32664622694075,
    -91.1674474532271,
    -107.08977539189243,
    -89.19391393812741,
    -107.36543032016169,
    -89.91967750349804,
    -112.59837206818034,
    -108.31842429686739,
    -90.13214786050757,
    -108.90652069079721,
    -108.26498926735135,
    -108.5756167852995,
    -92.10475519098485,
    -91.72837507969142,
    -108.15320448487051,
    -108.45820933886742,
    -92.5197094417565,
    -91.40148417299456,
    -109.27501966139586,
    -91.12574355093984,
    -87.46725198383008,
    -90.5947811167407,
    -107.89920201699567,
    -108.19767152450792,
    -92.75003837169943,
    -91.49021630290902,
    -90.65821630098013,
    -110.32647848348819,
    -91.75077439760868,
    -89.15599362246735,
    -91.81685412318885,
    -91.0254370675906,
    -89.52925288318674,
    -111.29191536585108,
    -107.70892495347422,
    -108.97790280306147,
    -91.82923480964578,
    -109.18638711162494,
    -90.85018920855582,
    -86.62863300988755,
    -91.23610435703193,
    -91.05166729536006,
    -90.23981486146738,
    -91.85292446636707,
    -108.44552435941634,
    -111.67263364721002,
    -107.76410814025868,
    -84.59719856121467,
    -108.22445834106976,
    -87.76338344319942,
    -91.50854974369271,
    -92.25743293787285,
    -92.12272438889494,
    -91.25370117338905,
    -88.22768078768226,
    -112.04339655745972,
    -107.4405667680685,
    -91.40263453525785,
    -1082.0167954615806,
    -491.1105395096778,
    -491.1105559008573,
    -491.11058080235136,
    -491.11053613916465,
    -491.1105365508616
  ],
  "eval_rewards": [],
  "eval_success_rates": [],
  "eval_collisions": [],
  "eval_lane_invasions": [],
  "final_eval_mean_reward": 0,
  "final_eval_success_rate": 0
}