{
  "scenario": 0,
  "seed": 42,
  "total_timesteps": 5000,
  "total_episodes": 479,
  "training_rewards": [
    721.8625309388468,
    873.9423540505633,
    1194.908848868462,
    404.85274546618103,
    608.1422603289645,
    1156.8630706135073,
    996.9857347039878,
    1023.9215549296188,
    2176.2170096969426,
    663.1521390672768,
    891.9386559459979,
    429.970829470159,
    369.1070933740852,
    754.5056628818287,
    633.2285781391749,
    1138.1039361453159,
    1145.6061772004582,
    383.2674998277173,
    262.9261922006907,
    82.56709153063686,
    75.99524145194616,
    75.98609083322881,
    73.21181129690422,
    77.3512978176295,
    77.22590029399652,
    93.43294099358064,
    79.75127752046768,
    97.3361138079391,
    76.19297641171121,
    71.70407132339363,
    70.44274862023985,
    72.79827885985071,
    69.74304345636165,
    55.50757751980474,
    78.73505816801173,
    60.258766351470975,
    61.79056625931625,
    61.14208536257392,
    64.57850275998707,
    63.392026946906654,
    48.932929285814566,
    67.953474248663,
    59.53453394076879,
    60.2920610617259,
    83.75962696602758,
    61.626736114483585,
    66.64055941480461,
    59.07443588708508,
    73.3507282543143,
    82.50297449735992,
    45.825377992900265,
    71.80726378894258,
    58.73822510525434,
    62.92833209744446,
    66.94289103524407,
    52.398096386620196,
    66.95095535845428,
    53.09187418312848,
    67.3408811108541,
    66.68392896815756,
    64.73985236164873,
    58.69971841005147,
    60.781832113067026,
    56.261797102885005,
    82.96577744912511,
    54.31408559989602,
    60.10571814794132,
    72.38647297725757,
    50.0905335916474,
    74.19518386889307,
    72.50444362588826,
    64.6489911608291,
    54.114426197081514,
    68.78394269026256,
    56.442269971453115,
    64.24773953075847,
    56.60089854645855,
    55.61272851968615,
    60.01700953658804,
    65.834960275132,
    58.05895736166607,
    55.182774997730235,
    65.32112629466141,
    74.21841705197579,
    47.91594171372309,
    63.561403802755706,
    64.2267785625402,
    62.659465730902255,
    55.94248458548088,
    61.196627340351114,
    61.908983630679884,
    82.29560042611925,
    78.33210231004283,
    61.01341339117929,
    66.36563510635072,
    71.91668502933541,
    65.39964762367401,
    71.09923074568171,
    60.75008805319555,
    54.34340624882239,
    61.98871161042731,
    68.83836148021992,
    67.18012664588457,
    53.75529992302877,
    49.729534773849956,
    74.66374935573945,
    62.66468380231812,
    65.86784485053859,
    61.64629419862099,
    58.220778459067965,
    54.347985621903405,
    63.6219513855841,
    71.83968366172425,
    58.03794803571313,
    63.91475915139642,
    55.93633520537263,
    51.60756906064625,
    59.68829458958106,
    61.18064192957826,
    52.09058845277762,
    62.97527996715126,
    57.17029652063472,
    60.12295722903899,
    62.027896065004626,
    53.460259056054525,
    51.79055221997325,
    71.87928629812558,
    53.62067834297619,
    68.43474325102552,
    68.07641316670546,
    65.90681424285569,
    1015.2502417790095,
    52.43223532688614,
    60.12626194065875,
    41.970104237469116,
    51.752120290122036,
    104.4052682422568,
    59.488073075966575,
    112.08116828422098,
    52.4152983259569,
    53.966373731212904,
    45.503190856580574,
    61.97090703597006,
    22.920868873432667,
    56.1258626298485,
    112.80562780632573,
    94.67197462129303,
    69.33199237164771,
    111.0050027195119,
    121.5850715192885,
    36.973863728589784,
    30.280793966690297,
    61.99195229281958,
    182.47994978064224,
    46.189602794984275,
    52.11082237911202,
    53.2721614821879,
    49.12322449683015,
    84.46672709789587,
    63.071138193431246,
    55.41309310231333,
    37.427921763554,
    41.17879258058956,
    53.503365320337664,
    87.48667170601396,
    55.03890640618702,
    54.90948438039751,
    65.78304214500953,
    46.52276104346057,
    65.20945143026859,
    84.32646717573348,
    57.739848643195316,
    97.37406439236005,
    60.96084735858125,
    107.83374421584176,
    67.29784322655651,
    95.06252032840615,
    56.31691225474832,
    107.30692205811062,
    83.02154716829452,
    41.76650311936087,
    15.79743187282364,
    28.05888080951798,
    57.853595228554155,
    62.13680480584805,
    60.520130001753664,
    74.80603065934017,
    151.77907473417548,
    13.798999673885461,
    176.81624538641313,
    39.92800309820979,
    35.19012985232996,
    93.57755276802408,
    31.701807227669626,
    65.88838287985337,
    180.29766861579003,
    138.26302776153813,
    155.85697773221352,
    67.90516102763172,
    50.004446938766066,
    59.47632525676501,
    130.71080073681276,
    134.7822060167549,
    50.99139717694329,
    89.83379594157212,
    45.59422533405485,
    95.30698292651942,
    104.32152631233839,
    68.02216216016018,
    160.93983049184502,
    66.14754637360991,
    58.75417063680818,
    95.6519743892965,
    95.27623997309698,
    167.37620895991932,
    62.891805722139814,
    68.90963841727623,
    14.600110852757929,
    26.32415354928325,
    25.09418747403093,
    111.20039423276569,
    98.19250538712589,
    104.20475499260974,
    105.23016260328411,
    67.96498758210518,
    98.42650345239986,
    66.55397475516145,
    130.0984174392884,
    39.52582836470475,
    56.54735530673443,
    62.800820086807185,
    104.67034541264343,
    42.689491614230064,
    18.170453406430617,
    77.07387233894474,
    62.59229188222333,
    37.31684107690474,
    57.75094916136075,
    67.23062139284035,
    59.087401072411936,
    29.492393337726853,
    38.279401169303505,
    50.49300899097811,
    169.25887519259058,
    92.20866562925671,
    86.44128343473315,
    124.93535587205267,
    60.35888214029515,
    120.94625731205971,
    64.25710737692381,
    6.03243453310137,
    52.75729673221838,
    44.85235058559341,
    42.638934736361115,
    53.586111742445816,
    45.03247918311561,
    47.37996487156386,
    67.6209557666163,
    114.20827031445177,
    30.465633668485584,
    86.95239792473083,
    65.48386954741424,
    87.61516068504622,
    61.17018044230098,
    42.41587631809081,
    59.144327960250514,
    53.63560431955427,
    50.02464043397032,
    210.28229094522226,
    48.95673116517102,
    98.2276618774026,
    61.901715385432155,
    58.86966953190253,
    106.43822270898956,
    59.96477807707942,
    181.3709733748175,
    65.1920843050795,
    136.41928525832031,
    87.2502612939415,
    90.55827733015508,
    106.8722135860917,
    59.621022260628195,
    84.48362432335541,
    42.85427212409944,
    61.81567321272661,
    104.70714711849448,
    67.21147421727832,
    55.74126896743813,
    103.31694263978807,
    87.00404051985109,
    85.53926492476015,
    159.47256849609386,
    145.94259871498662,
    155.61126504081628,
    62.28456726696743,
    102.755059082461,
    27.554076686261226,
    93.91988364005749,
    142.08660750917375,
    61.49619078188834,
    45.08339250380539,
    188.24895639283062,
    64.3822154976805,
    31.257845351247735,
    61.250343706237295,
    58.57868192536981,
    93.12309047020157,
    113.59996981050612,
    35.74796230094091,
    64.42156781414914,
    78.19568440410235,
    172.5813257036258,
    29.310177586762773,
    22.794413189495913,
    125.44615773781342,
    136.0528870959828,
    87.86252078751882,
    89.06682274105424,
    64.74994773650019,
    51.86154516050951,
    62.90393815159505,
    87.6579828100582,
    58.830199914977214,
    98.4931588058057,
    24.83632350133439,
    39.52644490916567,
    40.81984953007993,
    164.4450317129427,
    107.63625363959032,
    21.554326887829202,
    118.93637059925781,
    38.312834813545656,
    86.19231370218749,
    10.12630358782485,
    127.00222263401835,
    129.23225645089002,
    50.84882125887844,
    85.95293402533173,
    92.41798375655569,
