{
  "scenario": 0,
  "seed": 42,
  "total_timesteps": 2000,
  "total_episodes": 35,
  "training_rewards": [
    -96.71350431981543,
    -92.22511516210437,
    -103.4964201658635,
    -103.16355921503624,
    -89.39868092250609,
    -107.1494230161076,
    -85.33048960914752,
    -107.63986727211264,
    -106.01741650223956,
    -85.53438020956142,
    -89.91106984767411,
    -90.21553100243733,
    -90.4600686825512,
    -91.7903977844753,
    -86.62494490631374,
    -89.54788220881395,
    -91.3755669406925,
    -90.8887912142234,
    -104.52948821237426,
    -88.75801825861726,
    -105.19547986532046,
    -106.96327717476701,
    -85.43782344375867,
    -108.36056497779745,
    -108.83825414031135,
    -89.88498110911343,
    -109.13997257448901,
    -91.04755208356771,
    -89.82305848736614,
    -107.13617998786773,
    -104.8669173466614,
    -109.17764735080742,
    -103.91321828858085,
    -90.26242637845255,
    -89.08895163480183
  ],
  "eval_rewards": [],
  "eval_success_rates": [],
  "eval_collisions": [],
  "eval_lane_invasions": [],
  "final_eval_mean_reward": 0,
  "final_eval_success_rate": 0
}