{
  "config": {
    "scenario": 0,
    "seed": 42,
    "num_episodes": 3,
    "controller_params": {
      "pid": {
        "kp": 0.5,
        "ki": 0.3,
        "kd": 0.13,
        "integrator_min": 0.0,
        "integrator_max": 10.0
      },
      "pure_pursuit": {
        "kp_lookahead": 0.8,
        "min_lookahead": 6.0,
        "wheelbase": 3.0
      },
      "general": {
        "target_speed_kmh": 30.0
      }
    }
  },
  "metrics": {
    "success_rate": 0.0,
    "avg_collisions": 0.6666666666666666,
    "std_collisions": 0.4714045207910317,
    "avg_lane_invasions": 0.0,
    "std_lane_invasions": 0.0,
    "mean_reward": 1473.472906742819,
    "std_reward": 871.8737302925111,
    "avg_speed_kmh": 28.458377752979573,
    "std_speed_kmh": 1.3445110724975757,
    "avg_episode_length": 485.0,
    "std_episode_length": 93.08061022576076,
    "num_episodes": 3,
    "scenario": 0,
    "seed": 42
  },
  "episodes": {
    "rewards": [
      1967.3026146739796,
      248.11803569150266,
      2204.9980698629756
    ],
    "successes": [
      0,
      0,
      0
    ],
    "collisions": [
      1,
      1,
      0
    ],
    "lane_invasions": [
      0,
      0,
      0
    ],
    "lengths": [
      515,
      359,
      581
    ],
    "speeds_kmh": [
      28.937623982868416,
      29.81227505662284,
      26.62523421944747
    ]
  }
}