{
  "config": {
    "scenario": 0,
    "seed": 42,
    "num_episodes": 3,
    "controller_params": {
      "pid": {
        "kp": 0.5,
        "ki": 0.3,
        "kd": 0.13,
        "integrator_min": 0.0,
        "integrator_max": 10.0
      },
      "pure_pursuit": {
        "lookahead_distance": 2.0,
        "kp_heading": 8.0,
        "k_speed_crosstrack": 0.0,
        "cross_track_deadband": 0.01
      },
      "general": {
        "target_speed_kmh": 30.0
      }
    }
  },
  "metrics": {
    "success_rate": 0.0,
    "avg_collisions": 0.6666666666666666,
    "std_collisions": 0.4714045207910317,
    "avg_lane_invasions": 0.0,
    "std_lane_invasions": 0.0,
    "mean_reward": -3823.5072170090875,
    "std_reward": 59.42615074331319,
    "avg_speed_kmh": 29.7810785621966,
    "std_speed_kmh": 0.020603783764079633,
    "avg_episode_length": 516.0,
    "std_episode_length": 13.490737563232042,
    "num_episodes": 3,
    "scenario": 0,
    "seed": 42
  },
  "episodes": {
    "rewards": [
      -3873.1364735139587,
      -3739.956707369456,
      -3857.4284701438482
    ],
    "successes": [
      0,
      0,
      0
    ],
    "collisions": [
      1,
      1,
      0
    ],
    "lane_invasions": [
      0,
      0,
      0
    ],
    "lengths": [
      515,
      500,
      533
    ],
    "speeds_kmh": [
      29.75607792092691,
      29.780617408757347,
      29.806540356905547
    ]
  }
}