{
  "config": {
    "scenario": 0,
    "seed": 42,
    "num_episodes": 3,
    "controller_params": {
      "pid": {
        "kp": 0.5,
        "ki": 0.3,
        "kd": 0.13,
        "integrator_min": 0.0,
        "integrator_max": 10.0
      },
      "pure_pursuit": {
        "kp_lookahead": 0.8,
        "min_lookahead": 6.0,
        "wheelbase": 3.0
      },
      "general": {
        "target_speed_kmh": 30.0
      }
    }
  },
  "metrics": {
    "success_rate": 0.0,
    "avg_collisions": 0.6666666666666666,
    "std_collisions": 0.4714045207910317,
    "avg_lane_invasions": 0.0,
    "std_lane_invasions": 0.0,
    "mean_reward": 1628.5912792479637,
    "std_reward": 1019.9535744592754,
    "avg_speed_kmh": 26.307758404502888,
    "std_speed_kmh": 4.352362554050064,
    "avg_episode_length": 596.6666666666666,
    "std_episode_length": 234.6122095903981,
    "num_episodes": 3,
    "scenario": 0,
    "seed": 42
  },
  "episodes": {
    "rewards": [
      1961.7654441807233,
      246.60131174946528,
      2677.407081813703
    ],
    "successes": [
      0,
      0,
      0
    ],
    "collisions": [
      1,
      1,
      0
    ],
    "lane_invasions": [
      0,
      0,
      0
    ],
    "lengths": [
      515,
      359,
      916
    ],
    "speeds_kmh": [
      28.937685745808942,
      29.812255423328914,
      20.1733340443708
    ]
  }
}