{
  "config": {
    "scenario": 0,
    "seed": 42,
    "num_episodes": 3,
    "controller_params": {
      "pid": {
        "kp": 0.5,
        "ki": 0.3,
        "kd": 0.13,
        "integrator_min": 0.0,
        "integrator_max": 10.0
      },
      "pure_pursuit": {
        "kp_lookahead": 0.8,
        "min_lookahead": 6.0,
        "wheelbase": 3.0
      },
      "general": {
        "target_speed_kmh": 30.0
      }
    }
  },
  "metrics": {
    "success_rate": 0.3333333333333333,
    "avg_collisions": 0.6666666666666666,
    "std_collisions": 0.4714045207910317,
    "avg_lane_invasions": 0.0,
    "std_lane_invasions": 0.0,
    "mean_reward": 2173.662536763142,
    "std_reward": 1222.0411921796494,
    "avg_speed_kmh": 26.151932026245788,
    "std_speed_kmh": 4.571986531421217,
    "avg_episode_length": 610.0,
    "std_episode_length": 252.81218325072865,
    "num_episodes": 3,
    "scenario": 0,
    "seed": 42
  },
  "episodes": {
    "rewards": [
      2433.9451060475863,
      563.9041559873266,
      3523.1383482545116
    ],
    "successes": [
      0,
      0,
      1
    ],
    "collisions": [
      1,
      1,
      0
    ],
    "lane_invasions": [
      0,
      0,
      0
    ],
    "lengths": [
      515,
      359,
      956
    ],
    "speeds_kmh": [
      28.937625149600162,
      29.812255423328914,
      19.7059155058083
    ]
  }
}