{
  "scenario": 0,
  "seed": 42,
  "total_timesteps": 1000,
  "total_episodes": 15,
  "training_rewards": [
    -615.2859398424553,
    64.26670181899601,
    -3.2567139343160605,
    -86.6431146562928,
    -173.168646359964,
    -124.88804644599354,
    -191.64879124368048,
    -167.47061838800425,
    -190.07731236195184,
    -152.43537828987147,
    -147.0877002796879,
    -143.85296277546985,
    -151.1983672223226,
    -154.710763316457
  ],
  "eval_rewards": [],
  "eval_success_rates": [],
  "eval_collisions": [],
  "eval_lane_invasions": [],
  "final_eval_mean_reward": 0,
  "final_eval_success_rate": 0
}